epoch,loss,accuracy,best_epoch
1.0,0.007726725656539202,86.5422123154082,1.0
2.0,0.008772301487624645,86.13820005572583,1.0
