epoch,loss,accuracy,best_epoch
1.0,28.818561553955078,26.706603510727223,1.0
